{
  "EXPLORATORY": "pilot on 100K SciNCL; headline is the full 1M Stage-2 run (\u00a75)",
  "n_years": 53,
  "year_range": [
    1972,
    2024
  ],
  "verdict": "substrate_broken",
  "divergence_confirmed": false,
  "substrate_ok": false,
  "ratio_trend_slopes": {
    "cluster_entropy": {
      "slope": -0.008748672835876176,
      "pvalue": 0.003062760077292682,
      "direction": "down",
      "significant": true
    },
    "effective_dimensionality": {
      "slope": 0.5534931150416572,
      "pvalue": 1.108241707958332e-11,
      "direction": "up",
      "significant": true
    },
    "mean_pairwise_cosine": {
      "slope": 0.0008509405168156471,
      "pvalue": 1.843599495145852e-08,
      "direction": "up",
      "significant": true
    }
  },
  "negative_control": {
    "slope": -0.0006480113606929231,
    "pvalue": 0.0529509358757601,
    "direction": "down"
  },
  "series": {
    "years": [
      1972,
      1973,
      1974,
      1975,
      1976,
      1977,
      1978,
      1979,
      1980,
      1981,
      1982,
      1983,
      1984,
      1985,
      1986,
      1987,
      1988,
      1989,
      1990,
      1991,
      1992,
      1993,
      1994,
      1995,
      1996,
      1997,
      1998,
      1999,
      2000,
      2001,
      2002,
      2003,
      2004,
      2005,
      2006,
      2007,
      2008,
      2009,
      2010,
      2011,
      2012,
      2013,
      2014,
      2015,
      2016,
      2017,
      2018,
      2019,
      2020,
      2021,
      2022,
      2023,
      2024
    ],
    "demographic_gender_shannon": [
      0.5323297083333727,
      0.5352518653177272,
      0.5105201402141117,
      0.5324699201045171,
      0.5205956024072292,
      0.5327625311074066,
      0.5260391633937918,
      0.5051823526837801,
      0.5076216901424154,
      0.5404117870759582,
      0.5306572323447377,
      0.539913631667191,
      0.5247936092203405,
      0.5451241785521755,
      0.533366425999049,
      0.5298576494483943,
      0.5320753261026434,
      0.5339390921993115,
      0.5282658084868597,
      0.5350086410670113,
      0.5369932424351456,
      0.537555216942329,
      0.5302427621302034,
      0.5383901309976818,
      0.5319015829248867,
      0.5378375139896526,
      0.5354521634210143,
      0.5361513823367421,
      0.5466212966173726,
      0.5497714862066021,
      0.5659222267275443,
      0.5617739415892294,
      0.5608910646655727,
      0.5680990493697194,
      0.5668283085494435,
      0.5693505109210378,
      0.5717622975269627,
      0.5798608936787996,
      0.5784863139479051,
      0.5774973694140592,
      0.5833786688817284,
      0.589161388553071,
      0.5881414009112355,
      0.5908199524654871,
      0.5920207799973984,
      0.5965082412384698,
      0.6009920038236061,
      0.6063797390058311,
      0.609731396344228,
      0.6146856840267875,
      0.6167512097875468,
      0.620684171184644,
      0.625695663584666
    ],
    "semantic": {
      "cluster_entropy": [
        3.2627907708330257,
        3.509808862136156,
        3.483488395407548,
        3.4180934747714535,
        3.6144858047888384,
        3.4491735637826073,
        3.3848331266561265,
        3.3255352832521536,
        3.650080692020484,
        3.332820114697803,
        3.5745818876062243,
        3.67402750052102,
        3.5843836390709014,
        3.556973785611091,
        3.5905590075251332,
        3.747274699476738,
        3.701904263962467,
        3.728062768937239,
        3.721076077400239,
        3.7247765278540568,
        3.7377832488909486,
        3.7343506444809575,
        3.825153049936956,
        3.8016240811382125,
        3.7926005280706745,
        3.8084397131124335,
        3.7858522177775225,
        3.8401942208994178,
        3.8215057221840194,
        3.795059530992696,
        3.782966313668615,
        3.8226346080449845,
        3.8217800818008385,
        3.8287565435569006,
        3.837436293035849,
        3.8342890493109056,
        3.841752239217775,
        3.8552047692368365,
        3.8494715071880847,
        3.843832031017545,
        3.8536256364814023,
        3.847103904897893,
        3.842853436975027,
        3.8552109689920306,
        3.8478768545855204,
        3.84018255765705,
        3.833537183151369,
        3.8026490900123595,
        3.756912136356056,
        3.7319132556926005,
        3.7109589977989295,
        3.6835389454451737,
        3.672401544526332
      ],
      "effective_dimensionality": [
        22.377512011288545,
        26.332887015717183,
        25.1335785609157,
        25.399214848846757,
        28.60390941581212,
        30.943675106526552,
        29.04308358896243,
        28.541752858409914,
        31.73595873183845,
        27.31996766962546,
        33.71810638548793,
        31.300740947269855,
        33.60493913526088,
        34.539895365522874,
        36.56934280289009,
        33.378737564439746,
        38.01398776705919,
        39.14367958782842,
        38.04328586315934,
        39.09292042139267,
        38.515103265203415,
        41.51415103794819,
        41.17514460106837,
        41.68378682878946,
        41.92327153528095,
        41.56558433185699,
        41.015050194647905,
        42.06904127853552,
        45.077106087157865,
        44.489589781673175,
        43.367186967512644,
        43.8732823494661,
        45.072222533511635,
        46.92962865831875,
        46.77402758458975,
        46.144900532514924,
        46.208961995627,
        46.89916004353295,
        47.815340822434855,
        47.25506506092936,
        47.6365377045811,
        48.03743615412584,
        47.443253597226295,
        48.19129218454136,
        48.04132329701729,
        47.4807005631558,
        47.397254503963694,
        46.02477183171964,
        45.514706430803685,
        44.782431596026676,
        44.49396045394733,
        43.967947147548536,
        44.29262759282831
      ],
      "mean_pairwise_cosine": [
        0.2911974194819595,
        0.28903110143385136,
        0.2840739453806679,
        0.2784228577782238,
        0.2902084857134015,
        0.2865217648231785,
        0.28605243866184843,
        0.2922399107242215,
        0.29042404226956314,
        0.29491940128648425,
        0.3039542073589462,
        0.2982662380870323,
        0.2969312569326333,
        0.29236072987475314,
        0.2945531991681156,
        0.30037978731008835,
        0.3035776697495493,
        0.29910685666680314,
        0.3075473336566574,
        0.30501505216096325,
        0.31056001218333096,
        0.31052246495101565,
        0.31309253788144514,
        0.31447496334679187,
        0.3154094871070399,
        0.319526996018473,
        0.3230574860263327,
        0.32508690491642617,
        0.32308736444983965,
        0.3244116599618953,
        0.32975122598017836,
        0.3309171053840917,
        0.33104720277765126,
        0.3335534292056054,
        0.3344255886465197,
        0.33613574135575247,
        0.3414766472248663,
        0.34252996751686865,
        0.34102168953565415,
        0.3414520440272966,
        0.33981314028682413,
        0.34536288303649054,
        0.34737826930635696,
        0.3479064466111548,
        0.35029427401192376,
        0.3576045690576344,
        0.35548520552641666,
        0.35783220275231914,
        0.3576405818384305,
        0.3541343583009531,
        0.35395309485974885,
        0.3547385304948604,
        0.3579529568413276
      ]
    },