config,batch_size,length_sort,n_abstracts,elapsed_sec,sec_per_abstract,shape,finite,norm_mean,norm_std
naive bs=8,8,False,48,275.8990669250488,5.747897227605184,"(48, 768)",True,1.0,2.9802322387695312e-08
sorted bs=8,8,True,48,322.019859790802,6.708747078975041,"(48, 768)",True,1.0,2.7205674157926296e-08
sorted bs=32,32,True,48,410.4612810611725,8.551276688774427,"(48, 768)",True,1.0,3.7500434757475893e-08
bs=1,1,False,48,93.76481771469116,1.9534337023893993,"(48, 768)",True,1.0,3.650024282819686e-08
bs=2,2,False,48,197.0998592376709,4.106247067451477,"(48, 768)",True,1.0,2.8533552409726326e-08
bs=4,4,False,48,217.9126648902893,4.53984718521436,"(48, 768)",True,1.0,1.9237315740383565e-08
