{
  "snapshot": "2026-05-05T02:57:46+00:00",
  "verdict": "SCINCL_PRIMARY_HOLDS",
  "msg": "r_H75 \u22651.10 AND NC pass at 3/3 K. SciNCL primary lock empirically validated. Strict passes at 1/3 K \u2014 relaxed threshold appropriate.",
  "results": {
    "30": {
      "eff_n_s_h75": 15.684354297624752,
      "eff_n_u_h75": 10.906358746499752,
      "eff_n_s_h20": 18.37759514236646,
      "eff_n_u_h20": 19.854878691316234,
      "r_h75": 1.4380926450506164,
      "r_h20": 0.925595941837918,
      "nc_rd": 0.07440405816208194,
      "nc_pass": true,
      "passes_relaxed": true,
      "passes_strict": true
    },
    "50": {
      "eff_n_s_h75": 18.548879848384352,
      "eff_n_u_h75": 14.94812347883545,
      "eff_n_s_h20": 23.16129257068144,
      "eff_n_u_h20": 21.646776793681003,
      "r_h75": 1.2408835045179478,
      "r_h20": 1.0699649555883324,
      "nc_rd": 0.0653899505987665,
      "nc_pass": true,
      "passes_relaxed": true,
      "passes_strict": false
    },
    "100": {
      "eff_n_s_h75": 25.46657533181314,
      "eff_n_u_h75": 20.05242135109753,
      "eff_n_s_h20": 27.696578794479134,
      "eff_n_u_h20": 28.563093221997182,
      "r_h75": 1.270000010767741,
      "r_h20": 0.9696631446467177,
      "nc_rd": 0.03033685535328235,
      "nc_pass": true,
      "passes_relaxed": true,
      "passes_strict": false
    }
  },
  "specter2_refs": {
    "30": {
      "r_h75_orig": 1.26,
      "r_h75_fu": 1.31,
      "nc_rd_orig": 0.023,
      "nc_rd_fu": 0.048
    },
    "50": {
      "r_h75_orig": 1.17,
      "r_h75_fu": 1.25,
      "nc_rd_orig": 0.079,
      "nc_rd_fu": 0.03
    },
    "100": {
      "r_h75_orig": 1.33,
      "r_h75_fu": 1.17,
      "nc_rd_orig": 0.03,
      "nc_rd_fu": 0.135
    }
  },
  "norm_bands": {
    "S": {
      "n": 1500,
      "mean": 23.590776443481445,
      "min": 22.664148330688477,
      "max": 24.394481658935547
    },
    "U": {
      "n": 1482,
      "mean": 23.695560455322266,
      "min": 22.677263259887695,
      "max": 24.43830108642578
    },
    "H_1975": {
      "n": 49,
      "mean": 23.379453659057617,
      "min": 22.698266983032227,
      "max": 23.93035888671875
    },
    "H_2020": {
      "n": 45,
      "mean": 23.669132232666016,
      "min": 22.878021240234375,
      "max": 24.517913818359375
    }
  },
  "relaxed_passes": 3,
  "strict_passes": 1
}