{
  "run_ids": 8,
  "live_check": 0.0643170783780822,
  "per_capita": {
    "isolated": 2.644376292390044,
    "connected": 2.6615716059266137
  },
  "gap_mean": -0.01719531353657011,
  "gap_ci": [
    -0.16465002752873925,
    0.12270362085847625
  ],
  "pooled_gap": -0.017195313536569667,
  "null_p": 0.6571,
  "claim17_supported": false
}