model,era_match_rate,ci_low,ci_high,n_queries
scincl,0.54,0.5,0.5800000000000001,5
specter2,0.5800000000000001,0.54,0.6,5
qwen3,0.6199999999999999,0.5599999999999999,0.68,5
