{
  "snapshot": "2026-05-05T21:16:16+00:00",
  "n_abstracts": 15879,
  "pull_elapsed_sec": 4067.310670852661,
  "scincl": {
    "shape": [
      15879,
      768
    ],
    "finite": true,
    "mean_norm": 23.556650161743164,
    "min_norm": 22.490381240844727,
    "max_norm": 24.525270462036133,
    "elapsed_sec": 75.41505599021912,
    "per_abs_sec": 0.004749358019410487,
    "n_chunks": 16,
    "norm_in_band": true
  },
  "qwen3": {
    "shape": [
      15879,
      768
    ],
    "finite": true,
    "mean_norm": 1.0,
    "min_norm": 0.9999998807907104,
    "max_norm": 1.0000001192092896,
    "elapsed_sec": 565.9894120693207,
    "per_abs_sec": 0.03564389521187233,
    "n_chunks": 16,
    "norm_in_band": true
  },
  "extrapolation": {
    "combined_per_abs_sec": 0.040393253231282816,
    "cost_per_abs_at_1.70_per_hr": 1.9074591803661327e-05,
    "cost_at_1m": 19.074591803661328,
    "h3_gate_pass": true
  }
}